{
   "Items" : [
      {
         "b" : 0.40999999999999998,
         "center" : 2989600383,
         "drawType" : 0,
         "fill" : false,
         "g" : 0.40999999999999998,
         "onArc" : 468360092,
         "r" : 0.40999999999999998
      },
      {
         "b" : 1.0,
         "center" : 2910710678,
         "drawType" : 0,
         "fill" : false,
         "g" : 0.48910409212112427,
         "onArc" : 3532607072,
         "r" : 0.96907413005828857
      },
      {
         "b" : 0.40999999999999998,
         "center" : 2727926229,
         "drawType" : 1,
         "fill" : false,
         "g" : 0.40999999999999998,
         "onArc" : 1855792926,
         "r" : 0.40999999999999998
      },
      {
         "b" : 0.8474576473236084,
         "center" : 412568548,
         "drawType" : 0,
         "fill" : false,
         "g" : 0.36270943284034729,
         "onArc" : 3874429931,
         "r" : 0.18672801554203033
      }
   ],
   "Type" : "circles"
}
