{
   "Items" : [
      {
         "b" : 0.12717431783676147,
         "drawType" : 1,
         "fill" : true,
         "g" : 0.90556901693344116,
         "pointOnEdge" : [ 2910710678, 468360092, 3532607072, 1648733713 ],
         "r" : 0.20256374776363373
      }
   ],
   "Type" : "polygons"
}
