{
   "Items" : [
      {
         "b" : 0.40999999999999998,
         "center" : 2376385781,
         "drawType" : 1,
         "fill" : false,
         "g" : 0.40999999999999998,
         "onArc" : 3287141627,
         "r" : 0.40999999999999998
      },
      {
         "b" : 0.40999999999999998,
         "center" : 3287141627,
         "drawType" : 1,
         "fill" : false,
         "g" : 0.40999999999999998,
         "onArc" : 2629635407,
         "r" : 0.40999999999999998
      },
      {
         "b" : 0.40999999999999998,
         "center" : 2017617689,
         "drawType" : 1,
         "fill" : false,
         "g" : 0.40999999999999998,
         "onArc" : 2632658628,
         "r" : 0.40999999999999998
      },
      {
         "b" : 0.40999999999999998,
         "center" : 38314969,
         "drawType" : 1,
         "fill" : false,
         "g" : 0.40999999999999998,
         "onArc" : 1720175211,
         "r" : 0.40999999999999998
      }
   ],
   "Type" : "circles"
}
