{
   "Items" : [
      {
         "b" : 0.40999999999999998,
         "drawType" : 1,
         "dst" : 4264538008,
         "fill" : false,
         "g" : 0.40999999999999998,
         "r" : 0.40999999999999998,
         "src" : 1698140626
      },
      {
         "b" : 0.40999999999999998,
         "drawType" : 1,
         "dst" : 4264538008,
         "fill" : false,
         "g" : 0.40999999999999998,
         "r" : 0.40999999999999998,
         "src" : 1720175211
      },
      {
         "b" : 0.40999999999999998,
         "drawType" : 1,
         "dst" : 4292954916,
         "fill" : false,
         "g" : 0.40999999999999998,
         "r" : 0.40999999999999998,
         "src" : 1720175211
      }
   ],
   "Type" : "line"
}
