{
   "Items" : [
      {
         "b" : 0.80000000000000004,
         "drawType" : 1,
         "fill" : true,
         "g" : 0.45000000000000001,
         "pointOnEdge" : [ 3287141627, 1720175211, 4264538008, 1698140626 ],
         "r" : 0.094
      }
   ],
   "Type" : "polygons"
}
